<?xml version="1.0" encoding="UTF-8"?>
<project-private xmlns="http://www.netbeans.org/ns/project-private/1">
    <editor-bookmarks xmlns="http://www.netbeans.org/ns/editor-bookmarks/2" lastBookmarkId="0"/>
    <open-files xmlns="http://www.netbeans.org/ns/projectui-open-files/2">
        <group>
            <file>file:/G:/project/blood%20bank/src/blood_bank/registration.java</file>
            <file>file:/G:/project/blood%20bank/src/blood_bank/signup.java</file>
            <file>file:/G:/project/blood%20bank/src/blood_bank/login.java</file>
            <file>file:/G:/project/blood%20bank/src/blood_bank/controlframe.java</file>
            <file>file:/G:/project/blood%20bank/src/blood_bank/receiver_panel.java</file>
            <file>file:/G:/project/blood%20bank/src/blood_bank/BloodBank.java</file>
            <file>file:/G:/project/blood%20bank/src/blood_bank/properties.java</file>
            <file>file:/G:/project/blood%20bank/src/blood_bank/donor_panel.java</file>
        </group>
    </open-files>
</project-private>
